Designator,Value,Package,Mid X,Mid Y,Rotation,Layer
"C1","100n","C_0603_1608Metric",95.900000,-141.900000,180.000000,bottom
"C1","100n","C_0603_1608Metric",128.300000,-141.900000,180.000000,bottom
"C1","100n","C_0603_1608Metric",85.100000,-141.900000,180.000000,bottom
"C1","100n","C_0603_1608Metric",117.500000,-141.900000,180.000000,bottom
"C1","100n","C_0603_1608Metric",63.500000,-141.900000,180.000000,bottom
"C1","100n","C_0603_1608Metric",74.300000,-141.900000,180.000000,bottom
"C1","100n","C_0603_1608Metric",52.700000,-141.900000,180.000000,bottom
"C1","100n","C_0603_1608Metric",106.700000,-141.900000,180.000000,bottom
"C2","100n","C_0603_1608Metric",117.500000,-101.500000,180.000000,bottom
"C2","100n","C_0603_1608Metric",63.500000,-101.500000,180.000000,bottom
"C2","100n","C_0603_1608Metric",85.100000,-101.500000,180.000000,bottom
"C2","100n","C_0603_1608Metric",128.300000,-101.500000,180.000000,bottom
"C2","100n","C_0603_1608Metric",74.300000,-101.500000,180.000000,bottom
"C2","100n","C_0603_1608Metric",52.700000,-101.500000,180.000000,bottom
"C2","100n","C_0603_1608Metric",106.700000,-101.500000,180.000000,bottom
"C2","100n","C_0603_1608Metric",95.900000,-101.500000,180.000000,bottom
"C3","100n","C_0603_1608Metric",128.300000,-67.300000,180.000000,bottom
"C3","100n","C_0603_1608Metric",63.500000,-67.300000,180.000000,bottom
"C3","100n","C_0603_1608Metric",74.300000,-67.300000,180.000000,bottom
"C3","100n","C_0603_1608Metric",85.100000,-67.300000,180.000000,bottom
"C3","100n","C_0603_1608Metric",117.500000,-67.300000,180.000000,bottom
"C3","100n","C_0603_1608Metric",106.700000,-67.300000,180.000000,bottom
"C3","100n","C_0603_1608Metric",52.700000,-67.300000,180.000000,bottom
"C3","100n","C_0603_1608Metric",95.900000,-67.300000,180.000000,bottom
"C4","100n","C_0603_1608Metric",74.300000,-36.600000,180.000000,bottom
"C4","100n","C_0603_1608Metric",117.500000,-36.600000,180.000000,bottom
"C4","100n","C_0603_1608Metric",95.900000,-36.600000,180.000000,bottom
"C4","100n","C_0603_1608Metric",52.700000,-36.600000,180.000000,bottom
"C4","100n","C_0603_1608Metric",106.700000,-36.600000,180.000000,bottom
"C4","100n","C_0603_1608Metric",63.500000,-36.600000,180.000000,bottom
"C4","100n","C_0603_1608Metric",128.300000,-36.600000,180.000000,bottom
"C4","100n","C_0603_1608Metric",85.100000,-36.600000,180.000000,bottom
"C5","1u","C_0603_1608Metric",52.700000,-33.500000,180.000000,bottom
"C5","1u","C_0603_1608Metric",95.900000,-33.500000,180.000000,bottom
"C5","1u","C_0603_1608Metric",63.500000,-33.500000,180.000000,bottom
"C5","1u","C_0603_1608Metric",106.700000,-33.500000,180.000000,bottom
"C5","1u","C_0603_1608Metric",117.500000,-33.500000,180.000000,bottom
"C5","1u","C_0603_1608Metric",128.300000,-33.500000,180.000000,bottom
"C5","1u","C_0603_1608Metric",85.100000,-33.500000,180.000000,bottom
"C5","1u","C_0603_1608Metric",74.300000,-33.500000,180.000000,bottom
"C6","100n","C_0603_1608Metric",112.100000,-141.900000,0.000000,bottom
"C6","100n","C_0603_1608Metric",133.700000,-141.900000,0.000000,bottom
"C6","100n","C_0603_1608Metric",68.900000,-141.900000,0.000000,bottom
"C6","100n","C_0603_1608Metric",101.300000,-141.900000,0.000000,bottom
"C6","100n","C_0603_1608Metric",122.900000,-141.900000,0.000000,bottom
"C6","100n","C_0603_1608Metric",79.700000,-141.900000,0.000000,bottom
"C6","100n","C_0603_1608Metric",90.500000,-141.900000,0.000000,bottom
"C6","100n","C_0603_1608Metric",58.100000,-141.900000,0.000000,bottom
"C7","100n","C_0603_1608Metric",101.300000,-101.500000,0.000000,bottom
"C7","100n","C_0603_1608Metric",122.900000,-101.500000,0.000000,bottom
"C7","100n","C_0603_1608Metric",79.700000,-101.500000,0.000000,bottom
"C7","100n","C_0603_1608Metric",90.500000,-101.500000,0.000000,bottom
"C7","100n","C_0603_1608Metric",68.900000,-101.500000,0.000000,bottom
"C7","100n","C_0603_1608Metric",112.100000,-101.500000,0.000000,bottom
"C7","100n","C_0603_1608Metric",133.700000,-101.500000,0.000000,bottom
"C7","100n","C_0603_1608Metric",58.100000,-101.500000,0.000000,bottom
"C8","100n","C_0603_1608Metric",112.100000,-67.300000,0.000000,bottom
"C8","100n","C_0603_1608Metric",101.300000,-67.300000,0.000000,bottom
"C8","100n","C_0603_1608Metric",58.100000,-67.300000,0.000000,bottom
"C8","100n","C_0603_1608Metric",122.900000,-67.300000,0.000000,bottom
"C8","100n","C_0603_1608Metric",68.900000,-67.300000,0.000000,bottom
"C8","100n","C_0603_1608Metric",133.700000,-67.300000,0.000000,bottom
"C8","100n","C_0603_1608Metric",79.700000,-67.300000,0.000000,bottom
"C8","100n","C_0603_1608Metric",90.500000,-67.300000,0.000000,bottom
"C9","100n","C_0603_1608Metric",133.700000,-36.600000,0.000000,bottom
"C9","100n","C_0603_1608Metric",90.500000,-36.600000,0.000000,bottom
"C9","100n","C_0603_1608Metric",122.900000,-36.600000,0.000000,bottom
"C9","100n","C_0603_1608Metric",101.300000,-36.600000,0.000000,bottom
"C9","100n","C_0603_1608Metric",79.700000,-36.600000,0.000000,bottom
"C9","100n","C_0603_1608Metric",58.100000,-36.600000,0.000000,bottom
"C9","100n","C_0603_1608Metric",112.100000,-36.600000,0.000000,bottom
"C9","100n","C_0603_1608Metric",68.900000,-36.600000,0.000000,bottom
"C10","1u","C_0603_1608Metric",58.100000,-33.500000,0.000000,bottom
"C10","1u","C_0603_1608Metric",122.900000,-33.500000,0.000000,bottom
"C10","1u","C_0603_1608Metric",112.100000,-33.500000,0.000000,bottom
"C10","1u","C_0603_1608Metric",90.500000,-33.500000,0.000000,bottom
"C10","1u","C_0603_1608Metric",79.700000,-33.500000,0.000000,bottom
"C10","1u","C_0603_1608Metric",68.900000,-33.500000,0.000000,bottom
"C10","1u","C_0603_1608Metric",101.300000,-33.500000,0.000000,bottom
"C10","1u","C_0603_1608Metric",133.700000,-33.500000,0.000000,bottom
"D1","APA102-2020","LED-APA102-2020",85.100000,-151.000000,-90.000000,top
"D1","APA102-2020","LED-APA102-2020",95.900000,-151.000000,-90.000000,top
"D1","APA102-2020","LED-APA102-2020",74.300000,-151.000000,-90.000000,top
"D1","APA102-2020","LED-APA102-2020",117.500000,-151.000000,-90.000000,top
"D1","APA102-2020","LED-APA102-2020",128.300000,-151.000000,-90.000000,top
"D1","APA102-2020","LED-APA102-2020",52.700000,-151.000000,-90.000000,top
"D1","APA102-2020","LED-APA102-2020",63.500000,-151.000000,-90.000000,top
"D1","APA102-2020","LED-APA102-2020",106.700000,-151.000000,-90.000000,top
"D2","APA102-2020","LED-APA102-2020",95.900000,-147.900000,-90.000000,top
"D2","APA102-2020","LED-APA102-2020",85.100000,-147.900000,-90.000000,top
"D2","APA102-2020","LED-APA102-2020",117.500000,-147.900000,-90.000000,top
"D2","APA102-2020","LED-APA102-2020",106.700000,-147.900000,-90.000000,top
"D2","APA102-2020","LED-APA102-2020",52.700000,-147.900000,-90.000000,top
"D2","APA102-2020","LED-APA102-2020",128.300000,-147.900000,-90.000000,top
"D2","APA102-2020","LED-APA102-2020",63.500000,-147.900000,-90.000000,top
"D2","APA102-2020","LED-APA102-2020",74.300000,-147.900000,-90.000000,top
"D3","APA102-2020","LED-APA102-2020",128.300000,-144.800000,-90.000000,top
"D3","APA102-2020","LED-APA102-2020",106.700000,-144.800000,-90.000000,top
"D3","APA102-2020","LED-APA102-2020",117.500000,-144.800000,-90.000000,top
"D3","APA102-2020","LED-APA102-2020",85.100000,-144.800000,-90.000000,top
"D3","APA102-2020","LED-APA102-2020",52.700000,-144.800000,-90.000000,top
"D3","APA102-2020","LED-APA102-2020",63.500000,-144.800000,-90.000000,top
"D3","APA102-2020","LED-APA102-2020",74.300000,-144.800000,-90.000000,top
"D3","APA102-2020","LED-APA102-2020",95.900000,-144.800000,-90.000000,top
"D4","APA102-2020","LED-APA102-2020",95.900000,-141.700000,-90.000000,top
"D4","APA102-2020","LED-APA102-2020",52.700000,-141.700000,-90.000000,top
"D4","APA102-2020","LED-APA102-2020",74.300000,-141.700000,-90.000000,top
"D4","APA102-2020","LED-APA102-2020",106.700000,-141.700000,-90.000000,top
"D4","APA102-2020","LED-APA102-2020",63.500000,-141.700000,-90.000000,top
"D4","APA102-2020","LED-APA102-2020",128.300000,-141.700000,-90.000000,top
"D4","APA102-2020","LED-APA102-2020",117.500000,-141.700000,-90.000000,top
"D4","APA102-2020","LED-APA102-2020",85.100000,-141.700000,-90.000000,top
"D5","APA102-2020","LED-APA102-2020",52.700000,-138.600000,-90.000000,top
"D5","APA102-2020","LED-APA102-2020",85.100000,-138.600000,-90.000000,top
"D5","APA102-2020","LED-APA102-2020",74.300000,-138.600000,-90.000000,top
"D5","APA102-2020","LED-APA102-2020",128.300000,-138.600000,-90.000000,top
"D5","APA102-2020","LED-APA102-2020",95.900000,-138.600000,-90.000000,top
"D5","APA102-2020","LED-APA102-2020",117.500000,-138.600000,-90.000000,top
"D5","APA102-2020","LED-APA102-2020",63.500000,-138.600000,-90.000000,top
"D5","APA102-2020","LED-APA102-2020",106.700000,-138.600000,-90.000000,top
"D6","APA102-2020","LED-APA102-2020",74.300000,-135.500000,-90.000000,top
"D6","APA102-2020","LED-APA102-2020",95.900000,-135.500000,-90.000000,top
"D6","APA102-2020","LED-APA102-2020",63.500000,-135.500000,-90.000000,top
"D6","APA102-2020","LED-APA102-2020",128.300000,-135.500000,-90.000000,top
"D6","APA102-2020","LED-APA102-2020",106.700000,-135.500000,-90.000000,top
"D6","APA102-2020","LED-APA102-2020",52.700000,-135.500000,-90.000000,top
"D6","APA102-2020","LED-APA102-2020",85.100000,-135.500000,-90.000000,top
"D6","APA102-2020","LED-APA102-2020",117.500000,-135.500000,-90.000000,top
"D7","APA102-2020","LED-APA102-2020",128.300000,-132.400000,-90.000000,top
"D7","APA102-2020","LED-APA102-2020",63.500000,-132.400000,-90.000000,top
"D7","APA102-2020","LED-APA102-2020",85.100000,-132.400000,-90.000000,top
"D7","APA102-2020","LED-APA102-2020",117.500000,-132.400000,-90.000000,top
"D7","APA102-2020","LED-APA102-2020",95.900000,-132.400000,-90.000000,top
"D7","APA102-2020","LED-APA102-2020",52.700000,-132.400000,-90.000000,top
"D7","APA102-2020","LED-APA102-2020",74.300000,-132.400000,-90.000000,top
"D7","APA102-2020","LED-APA102-2020",106.700000,-132.400000,-90.000000,top
"D8","APA102-2020","LED-APA102-2020",74.300000,-129.300000,-90.000000,top
"D8","APA102-2020","LED-APA102-2020",95.900000,-129.300000,-90.000000,top
"D8","APA102-2020","LED-APA102-2020",52.700000,-129.300000,-90.000000,top
"D8","APA102-2020","LED-APA102-2020",117.500000,-129.300000,-90.000000,top
"D8","APA102-2020","LED-APA102-2020",106.700000,-129.300000,-90.000000,top
"D8","APA102-2020","LED-APA102-2020",85.100000,-129.300000,-90.000000,top
"D8","APA102-2020","LED-APA102-2020",128.300000,-129.300000,-90.000000,top
"D8","APA102-2020","LED-APA102-2020",63.500000,-129.300000,-90.000000,top
"D9","APA102-2020","LED-APA102-2020",85.100000,-126.200000,-90.000000,top
"D9","APA102-2020","LED-APA102-2020",106.700000,-126.200000,-90.000000,top
"D9","APA102-2020","LED-APA102-2020",52.700000,-126.200000,-90.000000,top
"D9","APA102-2020","LED-APA102-2020",128.300000,-126.200000,-90.000000,top
"D9","APA102-2020","LED-APA102-2020",117.500000,-126.200000,-90.000000,top
"D9","APA102-2020","LED-APA102-2020",95.900000,-126.200000,-90.000000,top
"D9","APA102-2020","LED-APA102-2020",63.500000,-126.200000,-90.000000,top
"D9","APA102-2020","LED-APA102-2020",74.300000,-126.200000,-90.000000,top
"D10","APA102-2020","LED-APA102-2020",95.900000,-123.100000,-90.000000,top
"D10","APA102-2020","LED-APA102-2020",74.300000,-123.100000,-90.000000,top
"D10","APA102-2020","LED-APA102-2020",128.300000,-123.100000,-90.000000,top
"D10","APA102-2020","LED-APA102-2020",85.100000,-123.100000,-90.000000,top
"D10","APA102-2020","LED-APA102-2020",106.700000,-123.100000,-90.000000,top
"D10","APA102-2020","LED-APA102-2020",52.700000,-123.100000,-90.000000,top
"D10","APA102-2020","LED-APA102-2020",63.500000,-123.100000,-90.000000,top
"D10","APA102-2020","LED-APA102-2020",117.500000,-123.100000,-90.000000,top
"D11","APA102-2020","LED-APA102-2020",52.700000,-120.000000,-90.000000,top
"D11","APA102-2020","LED-APA102-2020",85.100000,-120.000000,-90.000000,top
"D11","APA102-2020","LED-APA102-2020",95.900000,-120.000000,-90.000000,top
"D11","APA102-2020","LED-APA102-2020",117.500000,-120.000000,-90.000000,top
"D11","APA102-2020","LED-APA102-2020",74.300000,-120.000000,-90.000000,top
"D11","APA102-2020","LED-APA102-2020",106.700000,-120.000000,-90.000000,top
"D11","APA102-2020","LED-APA102-2020",128.300000,-120.000000,-90.000000,top
"D11","APA102-2020","LED-APA102-2020",63.500000,-120.000000,-90.000000,top
"D12","APA102-2020","LED-APA102-2020",117.500000,-116.900000,-90.000000,top
"D12","APA102-2020","LED-APA102-2020",74.300000,-116.900000,-90.000000,top
"D12","APA102-2020","LED-APA102-2020",106.700000,-116.900000,-90.000000,top
"D12","APA102-2020","LED-APA102-2020",128.300000,-116.900000,-90.000000,top
"D12","APA102-2020","LED-APA102-2020",63.500000,-116.900000,-90.000000,top
"D12","APA102-2020","LED-APA102-2020",85.100000,-116.900000,-90.000000,top
"D12","APA102-2020","LED-APA102-2020",52.700000,-116.900000,-90.000000,top
"D12","APA102-2020","LED-APA102-2020",95.900000,-116.900000,-90.000000,top
"D13","APA102-2020","LED-APA102-2020",52.690000,-113.800000,-90.000000,top
"D13","APA102-2020","LED-APA102-2020",106.690000,-113.800000,-90.000000,top
"D13","APA102-2020","LED-APA102-2020",85.090000,-113.800000,-90.000000,top
"D13","APA102-2020","LED-APA102-2020",95.890000,-113.800000,-90.000000,top
"D13","APA102-2020","LED-APA102-2020",117.490000,-113.800000,-90.000000,top
"D13","APA102-2020","LED-APA102-2020",128.290000,-113.800000,-90.000000,top
"D13","APA102-2020","LED-APA102-2020",74.290000,-113.800000,-90.000000,top
"D13","APA102-2020","LED-APA102-2020",63.490000,-113.800000,-90.000000,top
"D14","APA102-2020","LED-APA102-2020",106.700000,-110.700000,-90.000000,top
"D14","APA102-2020","LED-APA102-2020",85.100000,-110.700000,-90.000000,top
"D14","APA102-2020","LED-APA102-2020",128.300000,-110.700000,-90.000000,top
"D14","APA102-2020","LED-APA102-2020",117.500000,-110.700000,-90.000000,top
"D14","APA102-2020","LED-APA102-2020",74.300000,-110.700000,-90.000000,top
"D14","APA102-2020","LED-APA102-2020",95.900000,-110.700000,-90.000000,top
"D14","APA102-2020","LED-APA102-2020",63.500000,-110.700000,-90.000000,top
"D14","APA102-2020","LED-APA102-2020",52.700000,-110.700000,-90.000000,top
"D15","APA102-2020","LED-APA102-2020",74.300000,-107.600000,-90.000000,top
"D15","APA102-2020","LED-APA102-2020",117.500000,-107.600000,-90.000000,top
"D15","APA102-2020","LED-APA102-2020",63.500000,-107.600000,-90.000000,top
"D15","APA102-2020","LED-APA102-2020",52.700000,-107.600000,-90.000000,top
"D15","APA102-2020","LED-APA102-2020",95.900000,-107.600000,-90.000000,top
"D15","APA102-2020","LED-APA102-2020",106.700000,-107.600000,-90.000000,top
"D15","APA102-2020","LED-APA102-2020",128.300000,-107.600000,-90.000000,top
"D15","APA102-2020","LED-APA102-2020",85.100000,-107.600000,-90.000000,top
"D16","APA102-2020","LED-APA102-2020",74.300000,-104.500000,-90.000000,top
"D16","APA102-2020","LED-APA102-2020",106.700000,-104.500000,-90.000000,top
"D16","APA102-2020","LED-APA102-2020",52.700000,-104.500000,-90.000000,top
"D16","APA102-2020","LED-APA102-2020",63.500000,-104.500000,-90.000000,top
"D16","APA102-2020","LED-APA102-2020",117.500000,-104.500000,-90.000000,top
"D16","APA102-2020","LED-APA102-2020",128.300000,-104.500000,-90.000000,top
"D16","APA102-2020","LED-APA102-2020",85.100000,-104.500000,-90.000000,top
"D16","APA102-2020","LED-APA102-2020",95.900000,-104.500000,-90.000000,top
"D17","APA102-2020","LED-APA102-2020",63.500000,-101.400000,-90.000000,top
"D17","APA102-2020","LED-APA102-2020",52.700000,-101.400000,-90.000000,top
"D17","APA102-2020","LED-APA102-2020",128.300000,-101.400000,-90.000000,top
"D17","APA102-2020","LED-APA102-2020",106.700000,-101.400000,-90.000000,top
"D17","APA102-2020","LED-APA102-2020",85.100000,-101.400000,-90.000000,top
"D17","APA102-2020","LED-APA102-2020",95.900000,-101.400000,-90.000000,top
"D17","APA102-2020","LED-APA102-2020",74.300000,-101.400000,-90.000000,top
"D17","APA102-2020","LED-APA102-2020",117.500000,-101.400000,-90.000000,top
"D18","APA102-2020","LED-APA102-2020",63.500000,-98.300000,-90.000000,top
"D18","APA102-2020","LED-APA102-2020",106.700000,-98.300000,-90.000000,top
"D18","APA102-2020","LED-APA102-2020",52.700000,-98.300000,-90.000000,top
"D18","APA102-2020","LED-APA102-2020",95.900000,-98.300000,-90.000000,top
"D18","APA102-2020","LED-APA102-2020",85.100000,-98.300000,-90.000000,top
"D18","APA102-2020","LED-APA102-2020",128.300000,-98.300000,-90.000000,top
"D18","APA102-2020","LED-APA102-2020",117.500000,-98.300000,-90.000000,top
"D18","APA102-2020","LED-APA102-2020",74.300000,-98.300000,-90.000000,top
"D19","APA102-2020","LED-APA102-2020",106.700000,-95.200000,-90.000000,top
"D19","APA102-2020","LED-APA102-2020",117.500000,-95.200000,-90.000000,top
"D19","APA102-2020","LED-APA102-2020",85.100000,-95.200000,-90.000000,top
"D19","APA102-2020","LED-APA102-2020",63.500000,-95.200000,-90.000000,top
"D19","APA102-2020","LED-APA102-2020",95.900000,-95.200000,-90.000000,top
"D19","APA102-2020","LED-APA102-2020",52.700000,-95.200000,-90.000000,top
"D19","APA102-2020","LED-APA102-2020",74.300000,-95.200000,-90.000000,top
"D19","APA102-2020","LED-APA102-2020",128.300000,-95.200000,-90.000000,top
"D20","APA102-2020","LED-APA102-2020",128.300000,-92.100000,-90.000000,top
"D20","APA102-2020","LED-APA102-2020",117.500000,-92.100000,-90.000000,top
"D20","APA102-2020","LED-APA102-2020",63.500000,-92.100000,-90.000000,top
"D20","APA102-2020","LED-APA102-2020",95.900000,-92.100000,-90.000000,top
"D20","APA102-2020","LED-APA102-2020",85.100000,-92.100000,-90.000000,top
"D20","APA102-2020","LED-APA102-2020",52.700000,-92.100000,-90.000000,top
"D20","APA102-2020","LED-APA102-2020",74.300000,-92.100000,-90.000000,top
"D20","APA102-2020","LED-APA102-2020",106.700000,-92.100000,-90.000000,top
"D21","APA102-2020","LED-APA102-2020",117.500000,-89.000000,-90.000000,top
"D21","APA102-2020","LED-APA102-2020",74.300000,-89.000000,-90.000000,top
"D21","APA102-2020","LED-APA102-2020",106.700000,-89.000000,-90.000000,top
"D21","APA102-2020","LED-APA102-2020",85.100000,-89.000000,-90.000000,top
"D21","APA102-2020","LED-APA102-2020",63.500000,-89.000000,-90.000000,top
"D21","APA102-2020","LED-APA102-2020",95.900000,-89.000000,-90.000000,top
"D21","APA102-2020","LED-APA102-2020",128.300000,-89.000000,-90.000000,top
"D21","APA102-2020","LED-APA102-2020",52.700000,-89.000000,-90.000000,top
"D22","APA102-2020","LED-APA102-2020",63.500000,-85.900000,-90.000000,top
"D22","APA102-2020","LED-APA102-2020",74.300000,-85.900000,-90.000000,top
"D22","APA102-2020","LED-APA102-2020",106.700000,-85.900000,-90.000000,top
"D22","APA102-2020","LED-APA102-2020",128.300000,-85.900000,-90.000000,top
"D22","APA102-2020","LED-APA102-2020",85.100000,-85.900000,-90.000000,top
"D22","APA102-2020","LED-APA102-2020",117.500000,-85.900000,-90.000000,top
"D22","APA102-2020","LED-APA102-2020",95.900000,-85.900000,-90.000000,top
"D22","APA102-2020","LED-APA102-2020",52.700000,-85.900000,-90.000000,top
"D23","APA102-2020","LED-APA102-2020",52.700000,-82.800000,-90.000000,top
"D23","APA102-2020","LED-APA102-2020",106.700000,-82.800000,-90.000000,top
"D23","APA102-2020","LED-APA102-2020",95.900000,-82.800000,-90.000000,top
"D23","APA102-2020","LED-APA102-2020",128.300000,-82.800000,-90.000000,top
"D23","APA102-2020","LED-APA102-2020",63.500000,-82.800000,-90.000000,top
"D23","APA102-2020","LED-APA102-2020",74.300000,-82.800000,-90.000000,top
"D23","APA102-2020","LED-APA102-2020",85.100000,-82.800000,-90.000000,top
"D23","APA102-2020","LED-APA102-2020",117.500000,-82.800000,-90.000000,top
"D24","APA102-2020","LED-APA102-2020",128.300000,-79.700000,-90.000000,top
"D24","APA102-2020","LED-APA102-2020",85.100000,-79.700000,-90.000000,top
"D24","APA102-2020","LED-APA102-2020",74.300000,-79.700000,-90.000000,top
"D24","APA102-2020","LED-APA102-2020",95.900000,-79.700000,-90.000000,top
"D24","APA102-2020","LED-APA102-2020",52.700000,-79.700000,-90.000000,top
"D24","APA102-2020","LED-APA102-2020",117.500000,-79.700000,-90.000000,top
"D24","APA102-2020","LED-APA102-2020",106.700000,-79.700000,-90.000000,top
"D24","APA102-2020","LED-APA102-2020",63.500000,-79.700000,-90.000000,top
"D25","APA102-2020","LED-APA102-2020",85.100000,-76.600000,-90.000000,top
"D25","APA102-2020","LED-APA102-2020",106.700000,-76.600000,-90.000000,top
"D25","APA102-2020","LED-APA102-2020",128.300000,-76.600000,-90.000000,top
"D25","APA102-2020","LED-APA102-2020",117.500000,-76.600000,-90.000000,top
"D25","APA102-2020","LED-APA102-2020",63.500000,-76.600000,-90.000000,top
"D25","APA102-2020","LED-APA102-2020",74.300000,-76.600000,-90.000000,top
"D25","APA102-2020","LED-APA102-2020",52.700000,-76.600000,-90.000000,top
"D25","APA102-2020","LED-APA102-2020",95.900000,-76.600000,-90.000000,top
"D26","APA102-2020","LED-APA102-2020",85.100000,-73.500000,-90.000000,top
"D26","APA102-2020","LED-APA102-2020",63.500000,-73.500000,-90.000000,top
"D26","APA102-2020","LED-APA102-2020",128.300000,-73.500000,-90.000000,top
"D26","APA102-2020","LED-APA102-2020",106.700000,-73.500000,-90.000000,top
"D26","APA102-2020","LED-APA102-2020",117.500000,-73.500000,-90.000000,top
"D26","APA102-2020","LED-APA102-2020",74.300000,-73.500000,-90.000000,top
"D26","APA102-2020","LED-APA102-2020",95.900000,-73.500000,-90.000000,top
"D26","APA102-2020","LED-APA102-2020",52.700000,-73.500000,-90.000000,top
"D27","APA102-2020","LED-APA102-2020",128.300000,-70.400000,-90.000000,top
"D27","APA102-2020","LED-APA102-2020",85.100000,-70.400000,-90.000000,top
"D27","APA102-2020","LED-APA102-2020",74.300000,-70.400000,-90.000000,top
"D27","APA102-2020","LED-APA102-2020",52.700000,-70.400000,-90.000000,top
"D27","APA102-2020","LED-APA102-2020",106.700000,-70.400000,-90.000000,top
"D27","APA102-2020","LED-APA102-2020",95.900000,-70.400000,-90.000000,top
"D27","APA102-2020","LED-APA102-2020",117.500000,-70.400000,-90.000000,top
"D27","APA102-2020","LED-APA102-2020",63.500000,-70.400000,-90.000000,top
"D28","APA102-2020","LED-APA102-2020",85.100000,-67.300000,-90.000000,top
"D28","APA102-2020","LED-APA102-2020",63.500000,-67.300000,-90.000000,top
"D28","APA102-2020","LED-APA102-2020",95.900000,-67.300000,-90.000000,top
"D28","APA102-2020","LED-APA102-2020",117.500000,-67.300000,-90.000000,top
"D28","APA102-2020","LED-APA102-2020",106.700000,-67.300000,-90.000000,top
"D28","APA102-2020","LED-APA102-2020",74.300000,-67.300000,-90.000000,top
"D28","APA102-2020","LED-APA102-2020",128.300000,-67.300000,-90.000000,top
"D28","APA102-2020","LED-APA102-2020",52.700000,-67.300000,-90.000000,top
"D29","APA102-2020","LED-APA102-2020",95.900000,-64.200000,-90.000000,top
"D29","APA102-2020","LED-APA102-2020",52.700000,-64.200000,-90.000000,top
"D29","APA102-2020","LED-APA102-2020",85.100000,-64.200000,-90.000000,top
"D29","APA102-2020","LED-APA102-2020",63.500000,-64.200000,-90.000000,top
"D29","APA102-2020","LED-APA102-2020",128.300000,-64.200000,-90.000000,top
"D29","APA102-2020","LED-APA102-2020",106.700000,-64.200000,-90.000000,top
"D29","APA102-2020","LED-APA102-2020",117.500000,-64.200000,-90.000000,top
"D29","APA102-2020","LED-APA102-2020",74.300000,-64.200000,-90.000000,top
"D30","APA102-2020","LED-APA102-2020",63.500000,-61.100000,-90.000000,top
"D30","APA102-2020","LED-APA102-2020",117.500000,-61.100000,-90.000000,top
"D30","APA102-2020","LED-APA102-2020",85.100000,-61.100000,-90.000000,top
"D30","APA102-2020","LED-APA102-2020",106.700000,-61.100000,-90.000000,top
"D30","APA102-2020","LED-APA102-2020",52.700000,-61.100000,-90.000000,top
"D30","APA102-2020","LED-APA102-2020",128.300000,-61.100000,-90.000000,top
"D30","APA102-2020","LED-APA102-2020",95.900000,-61.100000,-90.000000,top
"D30","APA102-2020","LED-APA102-2020",74.300000,-61.100000,-90.000000,top
"D31","APA102-2020","LED-APA102-2020",106.700000,-58.000000,-90.000000,top
"D31","APA102-2020","LED-APA102-2020",85.100000,-58.000000,-90.000000,top
"D31","APA102-2020","LED-APA102-2020",63.500000,-58.000000,-90.000000,top
"D31","APA102-2020","LED-APA102-2020",74.300000,-58.000000,-90.000000,top
"D31","APA102-2020","LED-APA102-2020",52.700000,-58.000000,-90.000000,top
"D31","APA102-2020","LED-APA102-2020",117.500000,-58.000000,-90.000000,top
"D31","APA102-2020","LED-APA102-2020",128.300000,-58.000000,-90.000000,top
"D31","APA102-2020","LED-APA102-2020",95.900000,-58.000000,-90.000000,top
"D32","APA102-2020","LED-APA102-2020",52.700000,-54.900000,-90.000000,top
"D32","APA102-2020","LED-APA102-2020",63.500000,-54.900000,-90.000000,top
"D32","APA102-2020","LED-APA102-2020",106.700000,-54.900000,-90.000000,top
"D32","APA102-2020","LED-APA102-2020",117.500000,-54.900000,-90.000000,top
"D32","APA102-2020","LED-APA102-2020",95.900000,-54.900000,-90.000000,top
"D32","APA102-2020","LED-APA102-2020",85.100000,-54.900000,-90.000000,top
"D32","APA102-2020","LED-APA102-2020",74.300000,-54.900000,-90.000000,top
"D32","APA102-2020","LED-APA102-2020",128.300000,-54.900000,-90.000000,top
"D33","APA102-2020","LED-APA102-2020",74.300000,-51.800000,-90.000000,top
"D33","APA102-2020","LED-APA102-2020",52.700000,-51.800000,-90.000000,top
"D33","APA102-2020","LED-APA102-2020",85.100000,-51.800000,-90.000000,top
"D33","APA102-2020","LED-APA102-2020",128.300000,-51.800000,-90.000000,top
"D33","APA102-2020","LED-APA102-2020",106.700000,-51.800000,-90.000000,top
"D33","APA102-2020","LED-APA102-2020",95.900000,-51.800000,-90.000000,top
"D33","APA102-2020","LED-APA102-2020",63.500000,-51.800000,-90.000000,top
"D33","APA102-2020","LED-APA102-2020",117.500000,-51.800000,-90.000000,top
"D34","APA102-2020","LED-APA102-2020",63.500000,-48.700000,-90.000000,top
"D34","APA102-2020","LED-APA102-2020",85.100000,-48.700000,-90.000000,top
"D34","APA102-2020","LED-APA102-2020",117.500000,-48.700000,-90.000000,top
"D34","APA102-2020","LED-APA102-2020",106.700000,-48.700000,-90.000000,top
"D34","APA102-2020","LED-APA102-2020",95.900000,-48.700000,-90.000000,top
"D34","APA102-2020","LED-APA102-2020",52.700000,-48.700000,-90.000000,top
"D34","APA102-2020","LED-APA102-2020",74.300000,-48.700000,-90.000000,top
"D34","APA102-2020","LED-APA102-2020",128.300000,-48.700000,-90.000000,top
"D35","APA102-2020","LED-APA102-2020",63.500000,-45.600000,-90.000000,top
"D35","APA102-2020","LED-APA102-2020",74.300000,-45.600000,-90.000000,top
"D35","APA102-2020","LED-APA102-2020",52.700000,-45.600000,-90.000000,top
"D35","APA102-2020","LED-APA102-2020",106.700000,-45.600000,-90.000000,top
"D35","APA102-2020","LED-APA102-2020",128.300000,-45.600000,-90.000000,top
"D35","APA102-2020","LED-APA102-2020",85.100000,-45.600000,-90.000000,top
"D35","APA102-2020","LED-APA102-2020",95.900000,-45.600000,-90.000000,top
"D35","APA102-2020","LED-APA102-2020",117.500000,-45.600000,-90.000000,top
"D36","APA102-2020","LED-APA102-2020",117.500000,-42.500000,-90.000000,top
"D36","APA102-2020","LED-APA102-2020",52.700000,-42.500000,-90.000000,top
"D36","APA102-2020","LED-APA102-2020",106.700000,-42.500000,-90.000000,top
"D36","APA102-2020","LED-APA102-2020",63.500000,-42.500000,-90.000000,top
"D36","APA102-2020","LED-APA102-2020",85.100000,-42.500000,-90.000000,top
"D36","APA102-2020","LED-APA102-2020",74.300000,-42.500000,-90.000000,top
"D36","APA102-2020","LED-APA102-2020",95.900000,-42.500000,-90.000000,top
"D36","APA102-2020","LED-APA102-2020",128.300000,-42.500000,-90.000000,top
"D37","APA102-2020","LED-APA102-2020",85.100000,-39.400000,-90.000000,top
"D37","APA102-2020","LED-APA102-2020",74.300000,-39.400000,-90.000000,top
"D37","APA102-2020","LED-APA102-2020",95.900000,-39.400000,-90.000000,top
"D37","APA102-2020","LED-APA102-2020",106.700000,-39.400000,-90.000000,top
"D37","APA102-2020","LED-APA102-2020",117.500000,-39.400000,-90.000000,top
"D37","APA102-2020","LED-APA102-2020",63.500000,-39.400000,-90.000000,top
"D37","APA102-2020","LED-APA102-2020",128.300000,-39.400000,-90.000000,top
"D37","APA102-2020","LED-APA102-2020",52.700000,-39.400000,-90.000000,top
"D38","APA102-2020","LED-APA102-2020",74.300000,-36.300000,-90.000000,top
"D38","APA102-2020","LED-APA102-2020",85.100000,-36.300000,-90.000000,top
"D38","APA102-2020","LED-APA102-2020",106.700000,-36.300000,-90.000000,top
"D38","APA102-2020","LED-APA102-2020",95.900000,-36.300000,-90.000000,top
"D38","APA102-2020","LED-APA102-2020",52.700000,-36.300000,-90.000000,top
"D38","APA102-2020","LED-APA102-2020",63.500000,-36.300000,-90.000000,top
"D38","APA102-2020","LED-APA102-2020",128.300000,-36.300000,-90.000000,top
"D38","APA102-2020","LED-APA102-2020",117.500000,-36.300000,-90.000000,top
"D39","APA102-2020","LED-APA102-2020",63.500000,-33.200000,-90.000000,top
"D39","APA102-2020","LED-APA102-2020",85.100000,-33.200000,-90.000000,top
"D39","APA102-2020","LED-APA102-2020",117.500000,-33.200000,-90.000000,top
"D39","APA102-2020","LED-APA102-2020",95.900000,-33.200000,-90.000000,top
"D39","APA102-2020","LED-APA102-2020",128.300000,-33.200000,-90.000000,top
"D39","APA102-2020","LED-APA102-2020",106.700000,-33.200000,-90.000000,top
"D39","APA102-2020","LED-APA102-2020",74.300000,-33.200000,-90.000000,top
"D39","APA102-2020","LED-APA102-2020",52.700000,-33.200000,-90.000000,top
"D40","APA102-2020","LED-APA102-2020",52.700000,-30.100000,-90.000000,top
"D40","APA102-2020","LED-APA102-2020",85.100000,-30.100000,-90.000000,top
"D40","APA102-2020","LED-APA102-2020",95.900000,-30.100000,-90.000000,top
"D40","APA102-2020","LED-APA102-2020",117.500000,-30.100000,-90.000000,top
"D40","APA102-2020","LED-APA102-2020",74.300000,-30.100000,-90.000000,top
"D40","APA102-2020","LED-APA102-2020",63.500000,-30.100000,-90.000000,top
"D40","APA102-2020","LED-APA102-2020",106.700000,-30.100000,-90.000000,top
"D40","APA102-2020","LED-APA102-2020",128.300000,-30.100000,-90.000000,top
"D41","APA102-2020","LED-APA102-2020",90.500000,-151.000000,-90.000000,top
"D41","APA102-2020","LED-APA102-2020",122.900000,-151.000000,-90.000000,top
"D41","APA102-2020","LED-APA102-2020",79.700000,-151.000000,-90.000000,top
"D41","APA102-2020","LED-APA102-2020",68.900000,-151.000000,-90.000000,top
"D41","APA102-2020","LED-APA102-2020",112.100000,-151.000000,-90.000000,top
"D41","APA102-2020","LED-APA102-2020",101.300000,-151.000000,-90.000000,top
"D41","APA102-2020","LED-APA102-2020",58.100000,-151.000000,-90.000000,top
"D41","APA102-2020","LED-APA102-2020",133.700000,-151.000000,-90.000000,top
"D42","APA102-2020","LED-APA102-2020",122.890000,-147.900000,-90.000000,top
"D42","APA102-2020","LED-APA102-2020",58.090000,-147.900000,-90.000000,top
"D42","APA102-2020","LED-APA102-2020",112.090000,-147.900000,-90.000000,top
"D42","APA102-2020","LED-APA102-2020",90.490000,-147.900000,-90.000000,top
"D42","APA102-2020","LED-APA102-2020",68.890000,-147.900000,-90.000000,top
"D42","APA102-2020","LED-APA102-2020",101.290000,-147.900000,-90.000000,top
"D42","APA102-2020","LED-APA102-2020",133.690000,-147.900000,-90.000000,top
"D42","APA102-2020","LED-APA102-2020",79.690000,-147.900000,-90.000000,top
"D43","APA102-2020","LED-APA102-2020",58.100000,-144.800000,-90.000000,top
"D43","APA102-2020","LED-APA102-2020",112.100000,-144.800000,-90.000000,top
"D43","APA102-2020","LED-APA102-2020",90.500000,-144.800000,-90.000000,top
"D43","APA102-2020","LED-APA102-2020",133.700000,-144.800000,-90.000000,top
"D43","APA102-2020","LED-APA102-2020",79.700000,-144.800000,-90.000000,top
"D43","APA102-2020","LED-APA102-2020",122.900000,-144.800000,-90.000000,top
"D43","APA102-2020","LED-APA102-2020",101.300000,-144.800000,-90.000000,top
"D43","APA102-2020","LED-APA102-2020",68.900000,-144.800000,-90.000000,top
"D44","APA102-2020","LED-APA102-2020",68.890000,-141.700000,-90.000000,top
"D44","APA102-2020","LED-APA102-2020",58.090000,-141.700000,-90.000000,top
"D44","APA102-2020","LED-APA102-2020",112.090000,-141.700000,-90.000000,top
"D44","APA102-2020","LED-APA102-2020",122.890000,-141.700000,-90.000000,top
"D44","APA102-2020","LED-APA102-2020",90.490000,-141.700000,-90.000000,top
"D44","APA102-2020","LED-APA102-2020",79.690000,-141.700000,-90.000000,top
"D44","APA102-2020","LED-APA102-2020",101.290000,-141.700000,-90.000000,top
"D44","APA102-2020","LED-APA102-2020",133.690000,-141.700000,-90.000000,top
"D45","APA102-2020","LED-APA102-2020",122.900000,-138.600000,-90.000000,top
"D45","APA102-2020","LED-APA102-2020",90.500000,-138.600000,-90.000000,top
"D45","APA102-2020","LED-APA102-2020",58.100000,-138.600000,-90.000000,top
"D45","APA102-2020","LED-APA102-2020",68.900000,-138.600000,-90.000000,top
"D45","APA102-2020","LED-APA102-2020",112.100000,-138.600000,-90.000000,top
"D45","APA102-2020","LED-APA102-2020",79.700000,-138.600000,-90.000000,top
"D45","APA102-2020","LED-APA102-2020",133.700000,-138.600000,-90.000000,top
"D45","APA102-2020","LED-APA102-2020",101.300000,-138.600000,-90.000000,top
"D46","APA102-2020","LED-APA102-2020",79.700000,-135.500000,-90.000000,top
"D46","APA102-2020","LED-APA102-2020",68.900000,-135.500000,-90.000000,top
"D46","APA102-2020","LED-APA102-2020",58.100000,-135.500000,-90.000000,top
"D46","APA102-2020","LED-APA102-2020",133.700000,-135.500000,-90.000000,top
"D46","APA102-2020","LED-APA102-2020",112.100000,-135.500000,-90.000000,top
"D46","APA102-2020","LED-APA102-2020",90.500000,-135.500000,-90.000000,top
"D46","APA102-2020","LED-APA102-2020",101.300000,-135.500000,-90.000000,top
"D46","APA102-2020","LED-APA102-2020",122.900000,-135.500000,-90.000000,top
"D47","APA102-2020","LED-APA102-2020",112.100000,-132.400000,-90.000000,top
"D47","APA102-2020","LED-APA102-2020",122.900000,-132.400000,-90.000000,top
"D47","APA102-2020","LED-APA102-2020",133.700000,-132.400000,-90.000000,top
"D47","APA102-2020","LED-APA102-2020",79.700000,-132.400000,-90.000000,top
"D47","APA102-2020","LED-APA102-2020",90.500000,-132.400000,-90.000000,top
"D47","APA102-2020","LED-APA102-2020",58.100000,-132.400000,-90.000000,top
"D47","APA102-2020","LED-APA102-2020",101.300000,-132.400000,-90.000000,top
"D47","APA102-2020","LED-APA102-2020",68.900000,-132.400000,-90.000000,top
"D48","APA102-2020","LED-APA102-2020",58.100000,-129.300000,-90.000000,top
"D48","APA102-2020","LED-APA102-2020",79.700000,-129.300000,-90.000000,top
"D48","APA102-2020","LED-APA102-2020",122.900000,-129.300000,-90.000000,top
"D48","APA102-2020","LED-APA102-2020",112.100000,-129.300000,-90.000000,top
"D48","APA102-2020","LED-APA102-2020",68.900000,-129.300000,-90.000000,top
"D48","APA102-2020","LED-APA102-2020",101.300000,-129.300000,-90.000000,top
"D48","APA102-2020","LED-APA102-2020",133.700000,-129.300000,-90.000000,top
"D48","APA102-2020","LED-APA102-2020",90.500000,-129.300000,-90.000000,top
"D49","APA102-2020","LED-APA102-2020",90.500000,-126.200000,-90.000000,top
"D49","APA102-2020","LED-APA102-2020",101.300000,-126.200000,-90.000000,top
"D49","APA102-2020","LED-APA102-2020",112.100000,-126.200000,-90.000000,top
"D49","APA102-2020","LED-APA102-2020",58.100000,-126.200000,-90.000000,top
"D49","APA102-2020","LED-APA102-2020",133.700000,-126.200000,-90.000000,top
"D49","APA102-2020","LED-APA102-2020",79.700000,-126.200000,-90.000000,top
"D49","APA102-2020","LED-APA102-2020",68.900000,-126.200000,-90.000000,top
"D49","APA102-2020","LED-APA102-2020",122.900000,-126.200000,-90.000000,top
"D50","APA102-2020","LED-APA102-2020",122.900000,-123.100000,-90.000000,top
"D50","APA102-2020","LED-APA102-2020",68.900000,-123.100000,-90.000000,top
"D50","APA102-2020","LED-APA102-2020",133.700000,-123.100000,-90.000000,top
"D50","APA102-2020","LED-APA102-2020",112.100000,-123.100000,-90.000000,top
"D50","APA102-2020","LED-APA102-2020",101.300000,-123.100000,-90.000000,top
"D50","APA102-2020","LED-APA102-2020",58.100000,-123.100000,-90.000000,top
"D50","APA102-2020","LED-APA102-2020",79.700000,-123.100000,-90.000000,top
"D50","APA102-2020","LED-APA102-2020",90.500000,-123.100000,-90.000000,top
"D51","APA102-2020","LED-APA102-2020",101.300000,-120.000000,-90.000000,top
"D51","APA102-2020","LED-APA102-2020",79.700000,-120.000000,-90.000000,top
"D51","APA102-2020","LED-APA102-2020",133.700000,-120.000000,-90.000000,top
"D51","APA102-2020","LED-APA102-2020",122.900000,-120.000000,-90.000000,top
"D51","APA102-2020","LED-APA102-2020",58.100000,-120.000000,-90.000000,top
"D51","APA102-2020","LED-APA102-2020",90.500000,-120.000000,-90.000000,top
"D51","APA102-2020","LED-APA102-2020",68.900000,-120.000000,-90.000000,top
"D51","APA102-2020","LED-APA102-2020",112.100000,-120.000000,-90.000000,top
"D52","APA102-2020","LED-APA102-2020",133.700000,-116.900000,-90.000000,top
"D52","APA102-2020","LED-APA102-2020",58.100000,-116.900000,-90.000000,top
"D52","APA102-2020","LED-APA102-2020",101.300000,-116.900000,-90.000000,top
"D52","APA102-2020","LED-APA102-2020",90.500000,-116.900000,-90.000000,top
"D52","APA102-2020","LED-APA102-2020",122.900000,-116.900000,-90.000000,top
"D52","APA102-2020","LED-APA102-2020",79.700000,-116.900000,-90.000000,top
"D52","APA102-2020","LED-APA102-2020",112.100000,-116.900000,-90.000000,top
"D52","APA102-2020","LED-APA102-2020",68.900000,-116.900000,-90.000000,top
"D53","APA102-2020","LED-APA102-2020",112.100000,-113.800000,-90.000000,top
"D53","APA102-2020","LED-APA102-2020",68.900000,-113.800000,-90.000000,top
"D53","APA102-2020","LED-APA102-2020",90.500000,-113.800000,-90.000000,top
"D53","APA102-2020","LED-APA102-2020",122.900000,-113.800000,-90.000000,top
"D53","APA102-2020","LED-APA102-2020",133.700000,-113.800000,-90.000000,top
"D53","APA102-2020","LED-APA102-2020",101.300000,-113.800000,-90.000000,top
"D53","APA102-2020","LED-APA102-2020",79.700000,-113.800000,-90.000000,top
"D53","APA102-2020","LED-APA102-2020",58.100000,-113.800000,-90.000000,top
"D54","APA102-2020","LED-APA102-2020",122.900000,-110.700000,-90.000000,top
"D54","APA102-2020","LED-APA102-2020",58.100000,-110.700000,-90.000000,top
"D54","APA102-2020","LED-APA102-2020",68.900000,-110.700000,-90.000000,top
"D54","APA102-2020","LED-APA102-2020",90.500000,-110.700000,-90.000000,top
"D54","APA102-2020","LED-APA102-2020",112.100000,-110.700000,-90.000000,top
"D54","APA102-2020","LED-APA102-2020",133.700000,-110.700000,-90.000000,top
"D54","APA102-2020","LED-APA102-2020",101.300000,-110.700000,-90.000000,top
"D54","APA102-2020","LED-APA102-2020",79.700000,-110.700000,-90.000000,top
"D55","APA102-2020","LED-APA102-2020",68.900000,-107.600000,-90.000000,top
"D55","APA102-2020","LED-APA102-2020",133.700000,-107.600000,-90.000000,top
"D55","APA102-2020","LED-APA102-2020",122.900000,-107.600000,-90.000000,top
"D55","APA102-2020","LED-APA102-2020",101.300000,-107.600000,-90.000000,top
"D55","APA102-2020","LED-APA102-2020",58.100000,-107.600000,-90.000000,top
"D55","APA102-2020","LED-APA102-2020",79.700000,-107.600000,-90.000000,top
"D55","APA102-2020","LED-APA102-2020",90.500000,-107.600000,-90.000000,top
"D55","APA102-2020","LED-APA102-2020",112.100000,-107.600000,-90.000000,top
"D56","APA102-2020","LED-APA102-2020",58.100000,-104.500000,-90.000000,top
"D56","APA102-2020","LED-APA102-2020",90.500000,-104.500000,-90.000000,top
"D56","APA102-2020","LED-APA102-2020",133.700000,-104.500000,-90.000000,top
"D56","APA102-2020","LED-APA102-2020",122.900000,-104.500000,-90.000000,top
"D56","APA102-2020","LED-APA102-2020",112.100000,-104.500000,-90.000000,top
"D56","APA102-2020","LED-APA102-2020",68.900000,-104.500000,-90.000000,top
"D56","APA102-2020","LED-APA102-2020",101.300000,-104.500000,-90.000000,top
"D56","APA102-2020","LED-APA102-2020",79.700000,-104.500000,-90.000000,top
"D57","APA102-2020","LED-APA102-2020",90.500000,-101.400000,-90.000000,top
"D57","APA102-2020","LED-APA102-2020",112.100000,-101.400000,-90.000000,top
"D57","APA102-2020","LED-APA102-2020",133.700000,-101.400000,-90.000000,top
"D57","APA102-2020","LED-APA102-2020",122.900000,-101.400000,-90.000000,top
"D57","APA102-2020","LED-APA102-2020",79.700000,-101.400000,-90.000000,top
"D57","APA102-2020","LED-APA102-2020",58.100000,-101.400000,-90.000000,top
"D57","APA102-2020","LED-APA102-2020",101.300000,-101.400000,-90.000000,top
"D57","APA102-2020","LED-APA102-2020",68.900000,-101.400000,-90.000000,top
"D58","APA102-2020","LED-APA102-2020",112.100000,-98.300000,-90.000000,top
"D58","APA102-2020","LED-APA102-2020",68.900000,-98.300000,-90.000000,top
"D58","APA102-2020","LED-APA102-2020",101.300000,-98.300000,-90.000000,top
"D58","APA102-2020","LED-APA102-2020",133.700000,-98.300000,-90.000000,top
"D58","APA102-2020","LED-APA102-2020",79.700000,-98.300000,-90.000000,top
"D58","APA102-2020","LED-APA102-2020",122.900000,-98.300000,-90.000000,top
"D58","APA102-2020","LED-APA102-2020",90.500000,-98.300000,-90.000000,top
"D58","APA102-2020","LED-APA102-2020",58.100000,-98.300000,-90.000000,top
"D59","APA102-2020","LED-APA102-2020",101.300000,-95.200000,-90.000000,top
"D59","APA102-2020","LED-APA102-2020",79.700000,-95.200000,-90.000000,top
"D59","APA102-2020","LED-APA102-2020",133.700000,-95.200000,-90.000000,top
"D59","APA102-2020","LED-APA102-2020",58.100000,-95.200000,-90.000000,top
"D59","APA102-2020","LED-APA102-2020",112.100000,-95.200000,-90.000000,top
"D59","APA102-2020","LED-APA102-2020",90.500000,-95.200000,-90.000000,top
"D59","APA102-2020","LED-APA102-2020",68.900000,-95.200000,-90.000000,top
"D59","APA102-2020","LED-APA102-2020",122.900000,-95.200000,-90.000000,top
"D60","APA102-2020","LED-APA102-2020",101.300000,-92.100000,-90.000000,top
"D60","APA102-2020","LED-APA102-2020",122.900000,-92.100000,-90.000000,top
"D60","APA102-2020","LED-APA102-2020",112.100000,-92.100000,-90.000000,top
"D60","APA102-2020","LED-APA102-2020",68.900000,-92.100000,-90.000000,top
"D60","APA102-2020","LED-APA102-2020",58.100000,-92.100000,-90.000000,top
"D60","APA102-2020","LED-APA102-2020",133.700000,-92.100000,-90.000000,top
"D60","APA102-2020","LED-APA102-2020",79.700000,-92.100000,-90.000000,top
"D60","APA102-2020","LED-APA102-2020",90.500000,-92.100000,-90.000000,top
"D61","APA102-2020","LED-APA102-2020",90.500000,-89.000000,-90.000000,top
"D61","APA102-2020","LED-APA102-2020",58.100000,-89.000000,-90.000000,top
"D61","APA102-2020","LED-APA102-2020",68.900000,-89.000000,-90.000000,top
"D61","APA102-2020","LED-APA102-2020",101.300000,-89.000000,-90.000000,top
"D61","APA102-2020","LED-APA102-2020",79.700000,-89.000000,-90.000000,top
"D61","APA102-2020","LED-APA102-2020",112.100000,-89.000000,-90.000000,top
"D61","APA102-2020","LED-APA102-2020",133.700000,-89.000000,-90.000000,top
"D61","APA102-2020","LED-APA102-2020",122.900000,-89.000000,-90.000000,top
"D62","APA102-2020","LED-APA102-2020",133.700000,-85.900000,-90.000000,top
"D62","APA102-2020","LED-APA102-2020",122.900000,-85.900000,-90.000000,top
"D62","APA102-2020","LED-APA102-2020",68.900000,-85.900000,-90.000000,top
"D62","APA102-2020","LED-APA102-2020",79.700000,-85.900000,-90.000000,top
"D62","APA102-2020","LED-APA102-2020",101.300000,-85.900000,-90.000000,top
"D62","APA102-2020","LED-APA102-2020",90.500000,-85.900000,-90.000000,top
"D62","APA102-2020","LED-APA102-2020",58.100000,-85.900000,-90.000000,top
"D62","APA102-2020","LED-APA102-2020",112.100000,-85.900000,-90.000000,top
"D63","APA102-2020","LED-APA102-2020",79.700000,-82.800000,-90.000000,top
"D63","APA102-2020","LED-APA102-2020",68.900000,-82.800000,-90.000000,top
"D63","APA102-2020","LED-APA102-2020",90.500000,-82.800000,-90.000000,top
"D63","APA102-2020","LED-APA102-2020",58.100000,-82.800000,-90.000000,top
"D63","APA102-2020","LED-APA102-2020",112.100000,-82.800000,-90.000000,top
"D63","APA102-2020","LED-APA102-2020",122.900000,-82.800000,-90.000000,top
"D63","APA102-2020","LED-APA102-2020",133.700000,-82.800000,-90.000000,top
"D63","APA102-2020","LED-APA102-2020",101.300000,-82.800000,-90.000000,top
"D64","APA102-2020","LED-APA102-2020",79.700000,-79.700000,-90.000000,top
"D64","APA102-2020","LED-APA102-2020",58.100000,-79.700000,-90.000000,top
"D64","APA102-2020","LED-APA102-2020",112.100000,-79.700000,-90.000000,top
"D64","APA102-2020","LED-APA102-2020",101.300000,-79.700000,-90.000000,top
"D64","APA102-2020","LED-APA102-2020",122.900000,-79.700000,-90.000000,top
"D64","APA102-2020","LED-APA102-2020",90.500000,-79.700000,-90.000000,top
"D64","APA102-2020","LED-APA102-2020",133.700000,-79.700000,-90.000000,top
"D64","APA102-2020","LED-APA102-2020",68.900000,-79.700000,-90.000000,top
"D65","APA102-2020","LED-APA102-2020",58.100000,-76.600000,-90.000000,top
"D65","APA102-2020","LED-APA102-2020",122.900000,-76.600000,-90.000000,top
"D65","APA102-2020","LED-APA102-2020",68.900000,-76.600000,-90.000000,top
"D65","APA102-2020","LED-APA102-2020",133.700000,-76.600000,-90.000000,top
"D65","APA102-2020","LED-APA102-2020",90.500000,-76.600000,-90.000000,top
"D65","APA102-2020","LED-APA102-2020",79.700000,-76.600000,-90.000000,top
"D65","APA102-2020","LED-APA102-2020",112.100000,-76.600000,-90.000000,top
"D65","APA102-2020","LED-APA102-2020",101.300000,-76.600000,-90.000000,top
"D66","APA102-2020","LED-APA102-2020",68.900000,-73.500000,-90.000000,top
"D66","APA102-2020","LED-APA102-2020",122.900000,-73.500000,-90.000000,top
"D66","APA102-2020","LED-APA102-2020",90.500000,-73.500000,-90.000000,top
"D66","APA102-2020","LED-APA102-2020",112.100000,-73.500000,-90.000000,top
"D66","APA102-2020","LED-APA102-2020",101.300000,-73.500000,-90.000000,top
"D66","APA102-2020","LED-APA102-2020",58.100000,-73.500000,-90.000000,top
"D66","APA102-2020","LED-APA102-2020",79.700000,-73.500000,-90.000000,top
"D66","APA102-2020","LED-APA102-2020",133.700000,-73.500000,-90.000000,top
"D67","APA102-2020","LED-APA102-2020",122.900000,-70.400000,-90.000000,top
"D67","APA102-2020","LED-APA102-2020",101.300000,-70.400000,-90.000000,top
"D67","APA102-2020","LED-APA102-2020",58.100000,-70.400000,-90.000000,top
"D67","APA102-2020","LED-APA102-2020",90.500000,-70.400000,-90.000000,top
"D67","APA102-2020","LED-APA102-2020",68.900000,-70.400000,-90.000000,top
"D67","APA102-2020","LED-APA102-2020",133.700000,-70.400000,-90.000000,top
"D67","APA102-2020","LED-APA102-2020",112.100000,-70.400000,-90.000000,top
"D67","APA102-2020","LED-APA102-2020",79.700000,-70.400000,-90.000000,top
"D68","APA102-2020","LED-APA102-2020",122.900000,-67.300000,-90.000000,top
"D68","APA102-2020","LED-APA102-2020",133.700000,-67.300000,-90.000000,top
"D68","APA102-2020","LED-APA102-2020",90.500000,-67.300000,-90.000000,top
"D68","APA102-2020","LED-APA102-2020",112.100000,-67.300000,-90.000000,top
"D68","APA102-2020","LED-APA102-2020",101.300000,-67.300000,-90.000000,top
"D68","APA102-2020","LED-APA102-2020",58.100000,-67.300000,-90.000000,top
"D68","APA102-2020","LED-APA102-2020",68.900000,-67.300000,-90.000000,top
"D68","APA102-2020","LED-APA102-2020",79.700000,-67.300000,-90.000000,top
"D69","APA102-2020","LED-APA102-2020",122.900000,-64.200000,-90.000000,top
"D69","APA102-2020","LED-APA102-2020",101.300000,-64.200000,-90.000000,top
"D69","APA102-2020","LED-APA102-2020",58.100000,-64.200000,-90.000000,top
"D69","APA102-2020","LED-APA102-2020",90.500000,-64.200000,-90.000000,top
"D69","APA102-2020","LED-APA102-2020",68.900000,-64.200000,-90.000000,top
"D69","APA102-2020","LED-APA102-2020",133.700000,-64.200000,-90.000000,top
"D69","APA102-2020","LED-APA102-2020",79.700000,-64.200000,-90.000000,top
"D69","APA102-2020","LED-APA102-2020",112.100000,-64.200000,-90.000000,top
"D70","APA102-2020","LED-APA102-2020",122.900000,-61.100000,-90.000000,top
"D70","APA102-2020","LED-APA102-2020",133.700000,-61.100000,-90.000000,top
"D70","APA102-2020","LED-APA102-2020",112.100000,-61.100000,-90.000000,top
"D70","APA102-2020","LED-APA102-2020",90.500000,-61.100000,-90.000000,top
"D70","APA102-2020","LED-APA102-2020",58.100000,-61.100000,-90.000000,top
"D70","APA102-2020","LED-APA102-2020",79.700000,-61.100000,-90.000000,top
"D70","APA102-2020","LED-APA102-2020",68.900000,-61.100000,-90.000000,top
"D70","APA102-2020","LED-APA102-2020",101.300000,-61.100000,-90.000000,top
"D71","APA102-2020","LED-APA102-2020",101.300000,-58.000000,-90.000000,top
"D71","APA102-2020","LED-APA102-2020",68.900000,-58.000000,-90.000000,top
"D71","APA102-2020","LED-APA102-2020",90.500000,-58.000000,-90.000000,top
"D71","APA102-2020","LED-APA102-2020",112.100000,-58.000000,-90.000000,top
"D71","APA102-2020","LED-APA102-2020",58.100000,-58.000000,-90.000000,top
"D71","APA102-2020","LED-APA102-2020",79.700000,-58.000000,-90.000000,top
"D71","APA102-2020","LED-APA102-2020",122.900000,-58.000000,-90.000000,top
"D71","APA102-2020","LED-APA102-2020",133.700000,-58.000000,-90.000000,top
"D72","APA102-2020","LED-APA102-2020",122.900000,-54.900000,-90.000000,top
"D72","APA102-2020","LED-APA102-2020",90.500000,-54.900000,-90.000000,top
"D72","APA102-2020","LED-APA102-2020",112.100000,-54.900000,-90.000000,top
"D72","APA102-2020","LED-APA102-2020",133.700000,-54.900000,-90.000000,top
"D72","APA102-2020","LED-APA102-2020",58.100000,-54.900000,-90.000000,top
"D72","APA102-2020","LED-APA102-2020",68.900000,-54.900000,-90.000000,top
"D72","APA102-2020","LED-APA102-2020",101.300000,-54.900000,-90.000000,top
"D72","APA102-2020","LED-APA102-2020",79.700000,-54.900000,-90.000000,top
"D73","APA102-2020","LED-APA102-2020",133.700000,-51.800000,-90.000000,top
"D73","APA102-2020","LED-APA102-2020",58.100000,-51.800000,-90.000000,top
"D73","APA102-2020","LED-APA102-2020",112.100000,-51.800000,-90.000000,top
"D73","APA102-2020","LED-APA102-2020",122.900000,-51.800000,-90.000000,top
"D73","APA102-2020","LED-APA102-2020",90.500000,-51.800000,-90.000000,top
"D73","APA102-2020","LED-APA102-2020",79.700000,-51.800000,-90.000000,top
"D73","APA102-2020","LED-APA102-2020",101.300000,-51.800000,-90.000000,top
"D73","APA102-2020","LED-APA102-2020",68.900000,-51.800000,-90.000000,top
"D74","APA102-2020","LED-APA102-2020",79.700000,-48.700000,-90.000000,top
"D74","APA102-2020","LED-APA102-2020",112.100000,-48.700000,-90.000000,top
"D74","APA102-2020","LED-APA102-2020",90.500000,-48.700000,-90.000000,top
"D74","APA102-2020","LED-APA102-2020",68.900000,-48.700000,-90.000000,top
"D74","APA102-2020","LED-APA102-2020",101.300000,-48.700000,-90.000000,top
"D74","APA102-2020","LED-APA102-2020",122.900000,-48.700000,-90.000000,top
"D74","APA102-2020","LED-APA102-2020",58.100000,-48.700000,-90.000000,top
"D74","APA102-2020","LED-APA102-2020",133.700000,-48.700000,-90.000000,top
"D75","APA102-2020","LED-APA102-2020",58.100000,-45.600000,-90.000000,top
"D75","APA102-2020","LED-APA102-2020",79.700000,-45.600000,-90.000000,top
"D75","APA102-2020","LED-APA102-2020",133.700000,-45.600000,-90.000000,top
"D75","APA102-2020","LED-APA102-2020",112.100000,-45.600000,-90.000000,top
"D75","APA102-2020","LED-APA102-2020",101.300000,-45.600000,-90.000000,top
"D75","APA102-2020","LED-APA102-2020",122.900000,-45.600000,-90.000000,top
"D75","APA102-2020","LED-APA102-2020",68.900000,-45.600000,-90.000000,top
"D75","APA102-2020","LED-APA102-2020",90.500000,-45.600000,-90.000000,top
"D76","APA102-2020","LED-APA102-2020",79.700000,-42.500000,-90.000000,top
"D76","APA102-2020","LED-APA102-2020",101.300000,-42.500000,-90.000000,top
"D76","APA102-2020","LED-APA102-2020",90.500000,-42.500000,-90.000000,top
"D76","APA102-2020","LED-APA102-2020",133.700000,-42.500000,-90.000000,top
"D76","APA102-2020","LED-APA102-2020",122.900000,-42.500000,-90.000000,top
"D76","APA102-2020","LED-APA102-2020",58.100000,-42.500000,-90.000000,top
"D76","APA102-2020","LED-APA102-2020",68.900000,-42.500000,-90.000000,top
"D76","APA102-2020","LED-APA102-2020",112.100000,-42.500000,-90.000000,top
"D77","APA102-2020","LED-APA102-2020",68.900000,-39.400000,-90.000000,top
"D77","APA102-2020","LED-APA102-2020",101.300000,-39.400000,-90.000000,top
"D77","APA102-2020","LED-APA102-2020",133.700000,-39.400000,-90.000000,top
"D77","APA102-2020","LED-APA102-2020",79.700000,-39.400000,-90.000000,top
"D77","APA102-2020","LED-APA102-2020",90.500000,-39.400000,-90.000000,top
"D77","APA102-2020","LED-APA102-2020",58.100000,-39.400000,-90.000000,top
"D77","APA102-2020","LED-APA102-2020",112.100000,-39.400000,-90.000000,top
"D77","APA102-2020","LED-APA102-2020",122.900000,-39.400000,-90.000000,top
"D78","APA102-2020","LED-APA102-2020",122.900000,-36.300000,-90.000000,top
"D78","APA102-2020","LED-APA102-2020",133.700000,-36.300000,-90.000000,top
"D78","APA102-2020","LED-APA102-2020",68.900000,-36.300000,-90.000000,top
"D78","APA102-2020","LED-APA102-2020",58.100000,-36.300000,-90.000000,top
"D78","APA102-2020","LED-APA102-2020",112.100000,-36.300000,-90.000000,top
"D78","APA102-2020","LED-APA102-2020",101.300000,-36.300000,-90.000000,top
"D78","APA102-2020","LED-APA102-2020",79.700000,-36.300000,-90.000000,top
"D78","APA102-2020","LED-APA102-2020",90.500000,-36.300000,-90.000000,top
"D79","APA102-2020","LED-APA102-2020",58.100000,-33.200000,-90.000000,top
"D79","APA102-2020","LED-APA102-2020",112.100000,-33.200000,-90.000000,top
"D79","APA102-2020","LED-APA102-2020",68.900000,-33.200000,-90.000000,top
"D79","APA102-2020","LED-APA102-2020",101.300000,-33.200000,-90.000000,top
"D79","APA102-2020","LED-APA102-2020",122.900000,-33.200000,-90.000000,top
"D79","APA102-2020","LED-APA102-2020",133.700000,-33.200000,-90.000000,top
"D79","APA102-2020","LED-APA102-2020",90.500000,-33.200000,-90.000000,top
"D79","APA102-2020","LED-APA102-2020",79.700000,-33.200000,-90.000000,top
"D80","APA102-2020","LED-APA102-2020",90.500000,-30.100000,-90.000000,top
"D80","APA102-2020","LED-APA102-2020",112.100000,-30.100000,-90.000000,top
"D80","APA102-2020","LED-APA102-2020",68.900000,-30.100000,-90.000000,top
"D80","APA102-2020","LED-APA102-2020",133.700000,-30.100000,-90.000000,top
"D80","APA102-2020","LED-APA102-2020",58.100000,-30.100000,-90.000000,top
"D80","APA102-2020","LED-APA102-2020",79.700000,-30.100000,-90.000000,top
"D80","APA102-2020","LED-APA102-2020",101.300000,-30.100000,-90.000000,top
"D80","APA102-2020","LED-APA102-2020",122.900000,-30.100000,-90.000000,top
